Date,Location,Temperature,Humidity,Wind_Speed,Rainfall,Pressure
2024-04-01,Jharsuguda,39.8,41.0,20.0,0.0,981.8
2024-04-02,Jharsuguda,39.4,34.0,15.6,0.0,980.7
2024-04-03,Jharsuguda,40.0,30.0,14.9,0.0,982.3
2024-04-04,Jharsuguda,40.9,35.0,19.4,0.0,981.8
2024-04-05,Jharsuguda,41.2,31.0,17.4,0.0,981.0
2024-04-06,Jharsuguda,41.4,26.0,19.1,0.0,980.8
2024-04-07,Jharsuguda,39.5,30.0,28.4,0.0,982.4
2024-04-08,Jharsuguda,28.8,67.0,13.2,4.6,987.3
2024-04-09,Jharsuguda,34.0,63.0,23.2,5.0,986.8
2024-04-10,Jharsuguda,33.3,60.0,9.3,0.8,985.8
2024-04-11,Jharsuguda,27.5,76.0,22.3,5.3,987.8
2024-04-12,Jharsuguda,29.7,79.0,15.9,0.0,987.0
2024-04-13,Jharsuguda,34.5,64.0,15.9,0.1,985.8
2024-04-14,Jharsuguda,36.4,56.0,14.1,0.0,985.6
2024-04-15,Jharsuguda,38.6,47.0,19.6,0.0,984.8
2024-04-16,Jharsuguda,39.7,43.0,12.1,0.1,983.1
2024-04-17,Jharsuguda,41.5,39.0,25.2,0.0,981.3
2024-04-18,Jharsuguda,41.8,27.0,15.8,0.0,981.0
2024-04-19,Jharsuguda,42.5,28.0,12.7,0.0,978.8
2024-04-20,Jharsuguda,42.8,26.0,17.5,0.0,978.3
2024-04-21,Jharsuguda,42.9,30.0,15.9,0.0,979.6
2024-04-22,Jharsuguda,36.6,42.0,30.6,1.1,982.7
2024-04-23,Jharsuguda,40.1,39.0,22.8,0.0,981.5
2024-04-24,Jharsuguda,41.7,33.0,16.5,0.0,980.4
2024-04-25,Jharsuguda,41.9,35.0,15.1,0.0,980.5
2024-04-26,Jharsuguda,42.2,31.0,15.0,0.0,979.9
2024-04-27,Jharsuguda,42.7,26.0,19.3,0.0,980.4
2024-04-28,Jharsuguda,42.0,32.0,23.0,0.0,981.6
2024-04-29,Jharsuguda,42.5,37.0,19.8,0.0,981.7
2024-04-30,Jharsuguda,43.3,35.0,22.9,0.0,978.3
2024-05-01,Jharsuguda,42.2,29.0,25.9,0.0,976.2
2024-05-02,Jharsuguda,42.8,19.0,19.8,0.0,977.0
2024-05-03,Jharsuguda,41.9,18.0,12.3,0.0,979.8
2024-05-04,Jharsuguda,41.9,18.0,18.2,0.0,979.8
2024-05-05,Jharsuguda,42.5,17.0,15.7,0.0,977.2
2024-05-06,Jharsuguda,42.2,30.0,25.5,0.0,977.9
2024-05-07,Jharsuguda,38.4,44.0,16.5,1.0,981.9
2024-05-08,Jharsuguda,37.5,49.0,15.2,0.0,982.6
2024-05-09,Jharsuguda,38.2,56.0,16.3,0.2,981.5
2024-05-10,Jharsuguda,39.8,51.0,31.4,0.1,981.6
2024-05-11,Jharsuguda,41.2,47.0,23.0,0.0,982.0
2024-05-12,Jharsuguda,40.7,47.0,17.3,0.0,982.6
2024-05-13,Jharsuguda,40.5,53.0,27.0,1.7,983.0
2024-05-14,Jharsuguda,40.3,47.0,15.6,0.0,982.9
2024-05-15,Jharsuguda,39.5,52.0,16.5,0.3,984.0
2024-05-16,Jharsuguda,38.0,50.0,10.7,0.1,983.7
2024-05-17,Jharsuguda,36.7,54.0,17.1,0.0,982.4
2024-05-18,Jharsuguda,35.7,60.0,15.8,0.3,981.2
2024-05-19,Jharsuguda,37.7,61.0,15.6,0.0,978.6
2024-05-20,Jharsuguda,40.2,51.0,17.9,0.0,978.0
2024-05-21,Jharsuguda,41.9,51.0,23.4,0.0,978.1
2024-05-22,Jharsuguda,39.5,52.0,16.2,0.5,978.0
2024-05-23,Jharsuguda,40.5,57.0,25.3,2.5,976.8
2024-05-24,Jharsuguda,39.2,52.0,17.9,0.0,975.8
2024-05-25,Jharsuguda,40.4,52.0,15.2,0.8,974.3
2024-05-26,Jharsuguda,41.6,50.0,19.7,0.0,971.8
2024-05-27,Jharsuguda,42.6,49.0,14.4,0.0,970.8
2024-05-28,Jharsuguda,46.2,38.0,21.8,0.0,970.7
2024-05-29,Jharsuguda,45.9,32.0,22.7,0.0,972.2
2024-05-30,Jharsuguda,44.6,35.0,24.1,0.1,974.2
2024-05-31,Jharsuguda,44.2,44.0,18.2,0.6,976.0
2024-06-01,Jharsuguda,43.0,49.0,20.8,0.0,977.4
2024-06-02,Jharsuguda,40.7,61.0,30.4,6.1,979.0
2024-06-03,Jharsuguda,40.8,53.0,16.6,0.0,978.9
2024-06-04,Jharsuguda,38.8,55.0,17.2,0.0,978.8
2024-06-05,Jharsuguda,38.5,58.0,18.0,0.0,979.2
2024-06-06,Jharsuguda,39.9,68.0,28.5,13.7,979.7
2024-06-07,Jharsuguda,39.9,57.0,16.8,0.1,978.4
2024-06-08,Jharsuguda,40.3,57.0,15.3,2.3,977.4
2024-06-09,Jharsuguda,39.8,60.0,12.5,0.3,976.7
2024-06-10,Jharsuguda,40.2,52.0,16.4,0.1,976.8
2024-06-11,Jharsuguda,42.3,48.0,14.7,0.0,975.9
2024-06-12,Jharsuguda,42.0,46.0,14.3,0.0,976.3
2024-06-13,Jharsuguda,42.3,50.0,15.8,2.9,976.0
2024-06-14,Jharsuguda,39.9,48.0,19.8,0.1,975.9
2024-06-15,Jharsuguda,41.4,52.0,18.0,2.9,975.5
2024-06-16,Jharsuguda,37.5,63.0,15.1,0.0,977.5
2024-06-17,Jharsuguda,37.4,61.0,20.5,1.1,977.4
2024-06-18,Jharsuguda,38.2,60.0,16.1,7.7,975.9
2024-06-19,Jharsuguda,36.8,65.0,17.8,8.4,974.9
2024-06-20,Jharsuguda,35.7,74.0,15.5,12.0,975.8
2024-06-21,Jharsuguda,30.0,86.0,13.1,32.1,976.4
2024-06-22,Jharsuguda,32.6,82.0,8.2,15.4,975.1
2024-06-23,Jharsuguda,32.5,79.0,8.5,3.1,975.3
2024-06-24,Jharsuguda,34.1,74.0,12.5,9.0,975.1
2024-06-25,Jharsuguda,33.2,77.0,11.0,7.4,974.7
2024-06-26,Jharsuguda,33.1,81.0,14.3,18.8,975.0
2024-06-27,Jharsuguda,33.7,83.0,12.6,1.6,975.8
2024-06-28,Jharsuguda,33.3,84.0,10.6,15.3,975.1
2024-06-29,Jharsuguda,31.1,87.0,14.5,37.8,975.5
2024-06-30,Jharsuguda,29.5,91.0,17.1,33.1,976.5
2024-04-01,Sambalpur,38.7,49.0,11.8,0.0,988.9
2024-04-02,Sambalpur,37.7,45.0,11.8,0.0,987.7
2024-04-03,Sambalpur,38.4,42.0,11.3,0.0,989.1
2024-04-04,Sambalpur,40.4,44.0,13.5,0.0,988.7
2024-04-05,Sambalpur,39.8,41.0,13.3,0.0,987.8
2024-04-06,Sambalpur,39.8,37.0,11.3,0.0,987.5
2024-04-07,Sambalpur,39.3,34.0,19.3,0.0,989.0
2024-04-08,Sambalpur,27.6,76.0,13.6,10.9,994.4
2024-04-09,Sambalpur,32.4,71.0,10.9,2.7,994.0
2024-04-10,Sambalpur,35.0,59.0,11.6,0.0,992.8
2024-04-11,Sambalpur,27.0,80.0,18.0,14.8,995.1
2024-04-12,Sambalpur,28.3,80.0,14.7,1.4,994.2
2024-04-13,Sambalpur,34.1,68.0,19.4,0.0,993.0
2024-04-14,Sambalpur,35.3,63.0,9.5,0.0,992.7
2024-04-15,Sambalpur,37.6,53.0,11.5,0.0,991.9
2024-04-16,Sambalpur,38.1,53.0,10.9,0.0,990.1
2024-04-17,Sambalpur,39.2,46.0,16.9,0.0,988.4
2024-04-18,Sambalpur,40.1,41.0,13.9,0.0,987.9
2024-04-19,Sambalpur,40.6,36.0,10.8,0.0,985.8
2024-04-20,Sambalpur,41.0,33.0,14.4,0.0,985.3
2024-04-21,Sambalpur,40.8,37.0,17.3,0.0,986.6
2024-04-22,Sambalpur,35.7,50.0,28.5,0.7,989.7
2024-04-23,Sambalpur,37.3,51.0,16.3,0.0,988.6
2024-04-24,Sambalpur,39.6,43.0,12.9,0.0,987.5
2024-04-25,Sambalpur,39.9,40.0,11.6,0.0,987.5
2024-04-26,Sambalpur,40.6,39.0,10.4,0.0,986.7
2024-04-27,Sambalpur,41.2,38.0,12.5,0.0,987.3
2024-04-28,Sambalpur,40.3,41.0,17.1,0.0,988.4
2024-04-29,Sambalpur,40.8,41.0,14.4,0.0,988.8
2024-04-30,Sambalpur,41.9,42.0,17.9,0.0,985.3
2024-05-01,Sambalpur,42.1,32.0,20.9,0.0,983.0
2024-05-02,Sambalpur,41.1,32.0,12.3,0.0,983.8
2024-05-03,Sambalpur,40.6,26.0,16.1,0.0,986.7
2024-05-04,Sambalpur,40.6,31.0,12.0,0.0,986.6
2024-05-05,Sambalpur,42.5,25.0,14.0,0.0,984.0
2024-05-06,Sambalpur,39.7,37.0,20.0,0.0,985.1
2024-05-07,Sambalpur,38.2,47.0,17.6,0.0,988.7
2024-05-08,Sambalpur,37.6,54.0,16.4,0.0,989.4
2024-05-09,Sambalpur,38.5,54.0,21.9,0.4,988.2
2024-05-10,Sambalpur,39.6,53.0,17.8,0.0,988.5
2024-05-11,Sambalpur,40.4,48.0,19.6,0.2,988.8
2024-05-12,Sambalpur,39.1,50.0,14.8,0.0,989.4
2024-05-13,Sambalpur,37.3,57.0,16.9,0.0,990.0
2024-05-14,Sambalpur,39.6,51.0,18.4,0.0,989.7
2024-05-15,Sambalpur,38.6,55.0,9.7,0.0,990.8
2024-05-16,Sambalpur,38.3,49.0,14.0,0.0,990.5
2024-05-17,Sambalpur,35.9,59.0,16.5,0.3,989.4
2024-05-18,Sambalpur,33.1,70.0,16.3,1.7,988.2
2024-05-19,Sambalpur,37.0,62.0,12.9,0.1,985.7
2024-05-20,Sambalpur,40.0,51.0,20.1,0.0,984.9
2024-05-21,Sambalpur,40.0,54.0,21.3,0.0,985.0
2024-05-22,Sambalpur,40.5,55.0,20.0,0.0,984.8
2024-05-23,Sambalpur,40.1,51.0,17.5,0.1,983.4
2024-05-24,Sambalpur,39.6,53.0,18.9,0.0,982.4
2024-05-25,Sambalpur,40.3,51.0,13.7,0.0,980.8
2024-05-26,Sambalpur,39.5,54.0,12.6,1.9,978.5
2024-05-27,Sambalpur,41.3,50.0,12.8,0.0,977.5
2024-05-28,Sambalpur,45.1,38.0,16.6,0.0,977.5
2024-05-29,Sambalpur,45.2,35.0,26.1,0.0,979.1
2024-05-30,Sambalpur,45.0,36.0,18.1,0.0,981.0
2024-05-31,Sambalpur,44.0,48.0,18.6,0.0,982.8
2024-06-01,Sambalpur,44.1,50.0,18.6,0.0,984.1
2024-06-02,Sambalpur,40.7,61.0,15.3,0.9,985.8
2024-06-03,Sambalpur,39.5,57.0,14.7,0.0,985.8
2024-06-04,Sambalpur,37.4,57.0,14.9,0.4,985.9
2024-06-05,Sambalpur,39.2,55.0,11.1,0.0,986.3
2024-06-06,Sambalpur,40.6,63.0,21.8,9.1,986.6
2024-06-07,Sambalpur,40.1,56.0,16.2,0.1,985.4
2024-06-08,Sambalpur,39.7,56.0,14.1,1.7,984.4
2024-06-09,Sambalpur,39.5,57.0,13.0,0.0,983.7
2024-06-10,Sambalpur,40.3,51.0,13.7,0.4,983.5
2024-06-11,Sambalpur,40.8,52.0,11.8,0.2,982.8
2024-06-12,Sambalpur,40.8,48.0,13.5,0.0,983.4
2024-06-13,Sambalpur,40.9,50.0,19.7,1.4,983.0
2024-06-14,Sambalpur,40.0,48.0,17.7,0.0,982.9
2024-06-15,Sambalpur,40.3,55.0,25.8,2.2,982.6
2024-06-16,Sambalpur,36.7,66.0,12.0,0.0,984.6
2024-06-17,Sambalpur,36.7,64.0,21.5,0.9,984.5
2024-06-18,Sambalpur,38.3,60.0,16.3,0.7,983.0
2024-06-19,Sambalpur,37.0,65.0,12.2,7.7,982.0
2024-06-20,Sambalpur,34.3,74.0,15.6,11.0,983.0
2024-06-21,Sambalpur,31.7,84.0,11.5,19.6,983.4
2024-06-22,Sambalpur,33.3,81.0,9.1,10.5,982.0
2024-06-23,Sambalpur,33.4,78.0,12.7,1.3,982.2
2024-06-24,Sambalpur,34.6,74.0,11.5,22.4,982.1
2024-06-25,Sambalpur,34.1,74.0,10.2,4.8,981.6
2024-06-26,Sambalpur,33.6,78.0,11.6,5.2,981.8
2024-06-27,Sambalpur,34.5,79.0,13.1,2.9,982.7
2024-06-28,Sambalpur,33.6,81.0,11.5,11.9,982.1
2024-06-29,Sambalpur,31.7,87.0,19.3,37.0,982.7
2024-06-30,Sambalpur,29.2,91.0,16.8,26.9,983.8
2024-04-01,Ranchi,35.2,30.0,20.3,0.0,937.6
2024-04-02,Ranchi,34.8,31.0,18.1,0.0,937.1
2024-04-03,Ranchi,35.3,27.0,14.3,0.0,938.9
2024-04-04,Ranchi,36.9,30.0,18.7,0.0,938.0
2024-04-05,Ranchi,36.3,26.0,16.3,0.0,937.5
2024-04-06,Ranchi,36.1,26.0,14.5,0.0,937.8
2024-04-07,Ranchi,34.1,36.0,29.8,0.4,938.8
2024-04-08,Ranchi,29.7,51.0,20.9,0.4,941.1
2024-04-09,Ranchi,33.7,40.0,14.6,0.0,941.2
2024-04-10,Ranchi,33.5,33.0,14.3,0.0,941.1
2024-04-11,Ranchi,29.5,44.0,14.3,0.2,942.0
2024-04-12,Ranchi,32.7,44.0,14.3,0.0,941.2
2024-04-13,Ranchi,33.5,40.0,13.2,0.0,940.9
2024-04-14,Ranchi,34.9,37.0,11.1,0.0,941.1
2024-04-15,Ranchi,36.2,37.0,13.2,0.0,940.7
2024-04-16,Ranchi,35.9,34.0,19.0,0.0,939.1
2024-04-17,Ranchi,36.0,30.0,22.5,0.0,937.5
2024-04-18,Ranchi,36.0,25.0,24.2,0.0,937.2
2024-04-19,Ranchi,38.0,22.0,28.5,0.0,935.2
2024-04-20,Ranchi,39.0,21.0,23.5,0.0,934.8
2024-04-21,Ranchi,38.5,21.0,24.5,0.0,935.9
2024-04-22,Ranchi,32.8,35.0,28.3,1.4,937.7
2024-04-23,Ranchi,35.3,35.0,25.2,0.1,936.9
2024-04-24,Ranchi,36.5,26.0,20.6,0.0,936.4
2024-04-25,Ranchi,37.4,22.0,21.0,0.0,936.8
2024-04-26,Ranchi,38.4,20.0,21.9,0.0,936.5
2024-04-27,Ranchi,38.1,23.0,20.0,0.0,937.2
2024-04-28,Ranchi,38.2,29.0,19.3,0.0,937.5
2024-04-29,Ranchi,38.3,29.0,23.0,0.0,937.9
2024-04-30,Ranchi,39.4,24.0,27.3,0.0,934.4
2024-05-01,Ranchi,37.5,21.0,27.9,0.0,933.0
2024-05-02,Ranchi,36.3,16.0,19.1,0.0,933.9
2024-05-03,Ranchi,36.4,17.0,14.5,0.0,936.4
2024-05-04,Ranchi,38.0,16.0,15.1,0.0,936.3
2024-05-05,Ranchi,38.9,16.0,16.0,0.0,933.8
2024-05-06,Ranchi,40.3,32.0,17.1,1.1,934.7
2024-05-07,Ranchi,34.6,66.0,21.1,2.8,938.3
2024-05-08,Ranchi,32.7,69.0,14.8,11.4,938.7
2024-05-09,Ranchi,29.5,69.0,14.4,12.0,937.6
2024-05-10,Ranchi,33.0,59.0,17.7,3.6,937.9
2024-05-11,Ranchi,34.9,72.0,16.3,18.3,938.6
2024-05-12,Ranchi,32.9,68.0,16.8,0.6,939.1
2024-05-13,Ranchi,34.2,60.0,13.3,0.0,939.1
2024-05-14,Ranchi,35.5,49.0,13.0,0.0,939.0
2024-05-15,Ranchi,34.8,57.0,16.3,6.7,940.0
2024-05-16,Ranchi,36.7,52.0,17.6,1.1,939.6
2024-05-17,Ranchi,35.5,47.0,17.6,0.1,938.1
2024-05-18,Ranchi,35.7,49.0,16.8,0.0,936.5
2024-05-19,Ranchi,35.5,54.0,18.8,0.7,934.5
2024-05-20,Ranchi,38.0,55.0,18.1,0.0,934.5
2024-05-21,Ranchi,37.2,58.0,23.0,0.0,934.7
2024-05-22,Ranchi,35.5,65.0,20.8,0.9,934.7
2024-05-23,Ranchi,33.0,71.0,14.6,0.7,933.9
2024-05-24,Ranchi,33.1,64.0,16.1,0.0,933.1
2024-05-25,Ranchi,35.7,59.0,11.5,0.3,931.6
2024-05-26,Ranchi,34.2,64.0,20.7,0.7,929.6
2024-05-27,Ranchi,34.2,61.0,22.4,2.0,928.0
2024-05-28,Ranchi,40.3,50.0,18.8,0.0,928.0
2024-05-29,Ranchi,42.6,36.0,21.0,0.0,929.4
2024-05-30,Ranchi,41.7,32.0,20.4,0.0,931.3
2024-05-31,Ranchi,37.2,57.0,20.4,6.9,933.4
2024-06-01,Ranchi,37.5,61.0,15.8,0.0,934.4
2024-06-02,Ranchi,38.5,59.0,19.1,0.9,935.2
2024-06-03,Ranchi,37.1,50.0,16.7,0.0,934.9
2024-06-04,Ranchi,37.9,45.0,15.8,0.0,935.0
2024-06-05,Ranchi,38.2,41.0,16.3,0.0,935.2
2024-06-06,Ranchi,37.4,46.0,19.9,0.1,935.8
2024-06-07,Ranchi,38.1,45.0,20.6,0.0,934.5
2024-06-08,Ranchi,38.1,44.0,19.2,0.0,933.3
2024-06-09,Ranchi,38.8,41.0,16.6,0.0,932.9
2024-06-10,Ranchi,38.5,43.0,15.9,0.3,933.2
2024-06-11,Ranchi,39.7,35.0,14.6,0.0,932.7
2024-06-12,Ranchi,40.0,43.0,15.7,0.0,932.7
2024-06-13,Ranchi,39.9,40.0,19.0,0.0,931.8
2024-06-14,Ranchi,40.0,41.0,24.9,0.1,931.5
2024-06-15,Ranchi,39.6,43.0,21.7,0.7,931.6
2024-06-16,Ranchi,39.3,51.0,20.9,1.2,932.9
2024-06-17,Ranchi,36.7,54.0,19.4,0.0,933.2
2024-06-18,Ranchi,38.4,52.0,22.8,0.6,931.6
2024-06-19,Ranchi,37.4,59.0,18.2,3.5,930.5
2024-06-20,Ranchi,33.4,72.0,24.1,5.9,931.4
2024-06-21,Ranchi,33.1,78.0,15.9,3.1,931.9
2024-06-22,Ranchi,32.6,77.0,14.7,0.3,931.4
2024-06-23,Ranchi,31.4,76.0,12.0,2.2,931.9
2024-06-24,Ranchi,33.4,72.0,15.3,1.5,931.4
2024-06-25,Ranchi,32.8,77.0,15.9,14.6,931.0
2024-06-26,Ranchi,32.9,72.0,16.1,0.4,931.5
2024-06-27,Ranchi,31.0,81.0,18.3,3.4,932.7
2024-06-28,Ranchi,31.3,80.0,12.0,3.0,931.2
2024-06-29,Ranchi,31.1,85.0,11.4,11.5,931.0
2024-06-30,Ranchi,29.2,89.0,15.0,21.4,931.2
2024-04-01,Cuttack,38.3,64.0,17.3,0.5,1003.7
2024-04-02,Cuttack,38.6,69.0,16.1,0.0,1002.3
2024-04-03,Cuttack,37.9,72.0,14.4,0.2,1003.9
2024-04-04,Cuttack,37.9,75.0,16.7,0.0,1003.7
2024-04-05,Cuttack,41.8,65.0,12.6,0.0,1002.1
2024-04-06,Cuttack,39.9,70.0,13.6,0.1,1002.0
2024-04-07,Cuttack,38.1,78.0,15.1,15.7,1003.6
2024-04-08,Cuttack,33.4,66.0,22.6,0.0,1008.1
2024-04-09,Cuttack,36.2,58.0,22.2,0.0,1007.6
2024-04-10,Cuttack,35.7,65.0,9.0,0.0,1007.0
2024-04-11,Cuttack,29.8,77.0,25.3,0.7,1009.0
2024-04-12,Cuttack,33.8,71.0,13.7,0.0,1008.0
2024-04-13,Cuttack,36.2,60.0,10.0,0.0,1007.1
2024-04-14,Cuttack,36.8,62.0,9.3,0.0,1007.0
2024-04-15,Cuttack,38.3,62.0,15.5,0.0,1006.2
2024-04-16,Cuttack,39.1,61.0,13.8,0.0,1004.0
2024-04-17,Cuttack,40.5,58.0,14.1,0.0,1002.2
2024-04-18,Cuttack,41.2,57.0,18.9,0.0,1001.7
2024-04-19,Cuttack,40.9,62.0,22.7,0.0,1000.2
2024-04-20,Cuttack,40.0,68.0,16.9,0.0,999.7
2024-04-21,Cuttack,40.5,65.0,17.2,0.2,1000.6
2024-04-22,Cuttack,40.4,50.0,22.1,0.0,1002.4
2024-04-23,Cuttack,39.4,46.0,16.2,0.0,1002.4
2024-04-24,Cuttack,39.7,56.0,19.0,0.0,1002.0
2024-04-25,Cuttack,41.5,57.0,13.6,0.0,1001.7
2024-04-26,Cuttack,40.5,67.0,17.2,0.4,1001.5
2024-04-27,Cuttack,40.4,66.0,14.9,0.8,1001.5
2024-04-28,Cuttack,40.8,62.0,13.3,0.3,1002.1
2024-04-29,Cuttack,41.4,59.0,16.5,0.0,1002.8
2024-04-30,Cuttack,41.3,55.0,22.1,0.0,999.5
2024-05-01,Cuttack,40.6,61.0,18.4,0.5,997.9
2024-05-02,Cuttack,39.7,69.0,22.0,0.2,998.3
2024-05-03,Cuttack,39.6,69.0,20.4,0.0,1001.0
2024-05-04,Cuttack,38.6,72.0,19.8,0.0,1001.4
2024-05-05,Cuttack,38.8,72.0,24.7,0.0,999.4
2024-05-06,Cuttack,38.4,74.0,25.1,0.2,1000.4
2024-05-07,Cuttack,35.1,74.0,26.0,0.4,1004.3
2024-05-08,Cuttack,34.9,77.0,21.6,20.0,1004.7
2024-05-09,Cuttack,35.8,74.0,17.9,12.8,1003.8
2024-05-10,Cuttack,35.4,76.0,15.3,3.5,1004.1
2024-05-11,Cuttack,36.4,75.0,21.9,19.2,1004.6
2024-05-12,Cuttack,35.7,79.0,17.1,9.7,1004.9
2024-05-13,Cuttack,37.5,75.0,14.1,0.9,1004.7
2024-05-14,Cuttack,35.8,76.0,13.8,0.3,1005.0
2024-05-15,Cuttack,37.0,68.0,17.1,0.0,1005.7
2024-05-16,Cuttack,35.7,69.0,15.9,0.4,1005.6
2024-05-17,Cuttack,38.2,68.0,14.0,0.3,1003.7
2024-05-18,Cuttack,37.1,71.0,12.8,0.0,1002.1
2024-05-19,Cuttack,35.3,71.0,13.0,0.2,1000.6
2024-05-20,Cuttack,36.4,70.0,17.0,0.9,1000.1
2024-05-21,Cuttack,36.6,72.0,17.3,1.0,1000.4
2024-05-22,Cuttack,36.7,72.0,18.4,0.1,1000.3
2024-05-23,Cuttack,36.5,71.0,14.2,1.3,998.8
2024-05-24,Cuttack,35.2,73.0,18.9,2.7,997.1
2024-05-25,Cuttack,35.2,73.0,19.1,4.7,994.7
2024-05-26,Cuttack,34.9,78.0,16.9,10.1,991.9
2024-05-27,Cuttack,36.6,75.0,16.2,0.4,991.9
2024-05-28,Cuttack,38.9,75.0,21.5,0.0,993.1
2024-05-29,Cuttack,37.9,75.0,22.9,0.0,994.7
2024-05-30,Cuttack,37.6,75.0,23.5,0.0,996.9
2024-05-31,Cuttack,37.6,76.0,20.9,0.1,998.7
2024-06-01,Cuttack,35.4,76.0,22.3,0.0,999.9
2024-06-02,Cuttack,37.0,77.0,22.4,20.8,1001.0
2024-06-03,Cuttack,35.3,75.0,17.3,0.0,1000.7
2024-06-04,Cuttack,38.2,79.0,12.4,10.2,1000.6
2024-06-05,Cuttack,36.8,72.0,13.8,0.0,1000.6
2024-06-06,Cuttack,38.6,70.0,12.1,9.1,1000.8
2024-06-07,Cuttack,37.8,71.0,17.4,0.5,1000.0
2024-06-08,Cuttack,37.4,70.0,19.1,0.0,998.9
2024-06-09,Cuttack,38.7,69.0,21.2,0.0,998.0
2024-06-10,Cuttack,38.1,67.0,19.7,0.0,998.2
2024-06-11,Cuttack,38.0,71.0,21.2,0.0,997.7
2024-06-12,Cuttack,39.0,73.0,19.7,4.1,998.0
2024-06-13,Cuttack,38.5,71.0,22.3,0.1,997.6
2024-06-14,Cuttack,38.4,66.0,19.6,0.1,997.0
2024-06-15,Cuttack,39.8,67.0,18.5,6.2,996.5
2024-06-16,Cuttack,37.5,71.0,21.3,0.2,998.4
2024-06-17,Cuttack,36.8,80.0,24.5,25.7,999.2
2024-06-18,Cuttack,34.9,80.0,17.0,7.6,997.8
2024-06-19,Cuttack,37.1,74.0,18.4,0.2,996.3
2024-06-20,Cuttack,35.2,76.0,13.0,1.3,996.9
2024-06-21,Cuttack,34.1,81.0,16.3,4.8,997.5
2024-06-22,Cuttack,33.0,81.0,14.2,3.8,996.7
2024-06-23,Cuttack,33.8,79.0,17.3,0.5,997.2
2024-06-24,Cuttack,34.6,75.0,16.6,0.2,997.0
2024-06-25,Cuttack,34.9,78.0,17.7,0.2,996.5
2024-06-26,Cuttack,33.5,83.0,13.8,8.4,996.6
2024-06-27,Cuttack,32.6,87.0,18.2,21.9,997.1
2024-06-28,Cuttack,33.7,85.0,9.8,2.5,996.3
2024-06-29,Cuttack,32.5,88.0,17.6,22.8,997.1
2024-06-30,Cuttack,31.5,88.0,14.2,18.1,998.1
2024-04-01,Bhubaneswar,37.9,61.0,19.3,0.2,1002.0
2024-04-02,Bhubaneswar,37.9,70.0,19.2,0.0,1000.7
2024-04-03,Bhubaneswar,37.0,74.0,16.9,0.0,1002.1
2024-04-04,Bhubaneswar,37.2,75.0,16.8,0.0,1002.0
2024-04-05,Bhubaneswar,41.2,66.0,19.5,0.0,1000.4
2024-04-06,Bhubaneswar,39.5,70.0,19.1,0.0,1000.3
2024-04-07,Bhubaneswar,38.1,74.0,15.9,16.7,1001.7
2024-04-08,Bhubaneswar,33.1,65.0,25.3,0.0,1006.2
2024-04-09,Bhubaneswar,36.0,55.0,25.0,0.0,1005.8
2024-04-10,Bhubaneswar,36.1,59.0,8.9,0.1,1005.2
2024-04-11,Bhubaneswar,28.9,72.0,25.8,0.1,1007.1
2024-04-12,Bhubaneswar,33.3,67.0,14.9,0.0,1006.2
2024-04-13,Bhubaneswar,36.3,57.0,11.6,0.0,1005.3
2024-04-14,Bhubaneswar,37.3,59.0,11.5,0.0,1005.2
2024-04-15,Bhubaneswar,38.8,58.0,16.7,0.0,1004.5
2024-04-16,Bhubaneswar,39.9,59.0,15.2,0.0,1002.2
2024-04-17,Bhubaneswar,40.9,55.0,15.8,0.0,1000.5
2024-04-18,Bhubaneswar,41.2,54.0,16.6,0.0,999.9
2024-04-19,Bhubaneswar,41.4,61.0,21.6,0.0,998.5
2024-04-20,Bhubaneswar,39.3,69.0,20.3,0.0,998.0
2024-04-21,Bhubaneswar,41.0,65.0,20.4,0.1,999.0
2024-04-22,Bhubaneswar,39.9,50.0,23.6,1.0,1000.8
2024-04-23,Bhubaneswar,39.5,43.0,17.8,0.0,1000.6
2024-04-24,Bhubaneswar,40.0,56.0,28.9,1.0,1000.3
2024-04-25,Bhubaneswar,41.3,58.0,17.7,0.0,1000.0
2024-04-26,Bhubaneswar,40.3,68.0,19.3,1.7,999.8
2024-04-27,Bhubaneswar,40.3,67.0,17.5,1.0,999.8
2024-04-28,Bhubaneswar,40.6,60.0,15.6,0.4,1000.4
2024-04-29,Bhubaneswar,40.8,64.0,17.6,0.0,1001.2
2024-04-30,Bhubaneswar,41.4,55.0,22.0,0.0,997.9
2024-05-01,Bhubaneswar,39.5,63.0,21.4,0.0,996.2
2024-05-02,Bhubaneswar,38.4,71.0,23.0,0.0,996.5
2024-05-03,Bhubaneswar,39.9,71.0,18.3,0.0,999.2
2024-05-04,Bhubaneswar,37.8,73.0,22.0,0.0,999.7
2024-05-05,Bhubaneswar,37.9,74.0,26.2,0.0,997.8
2024-05-06,Bhubaneswar,37.4,76.0,27.8,0.0,998.8
2024-05-07,Bhubaneswar,35.5,75.0,31.6,3.9,1002.5
2024-05-08,Bhubaneswar,35.6,74.0,16.6,4.9,1002.9
2024-05-09,Bhubaneswar,34.9,74.0,22.6,0.9,1002.0
2024-05-10,Bhubaneswar,35.4,73.0,23.5,0.3,1002.3
2024-05-11,Bhubaneswar,36.1,74.0,20.8,0.0,1002.7
2024-05-12,Bhubaneswar,35.6,78.0,21.2,13.7,1003.0
2024-05-13,Bhubaneswar,37.1,75.0,13.3,7.9,1002.9
2024-05-14,Bhubaneswar,34.6,78.0,15.7,0.9,1003.2
2024-05-15,Bhubaneswar,36.6,70.0,18.0,0.1,1004.0
2024-05-16,Bhubaneswar,35.3,71.0,17.3,0.1,1003.8
2024-05-17,Bhubaneswar,37.7,69.0,18.2,0.0,1002.0
2024-05-18,Bhubaneswar,36.7,74.0,16.0,3.3,1000.4
2024-05-19,Bhubaneswar,34.9,73.0,14.3,0.3,998.8
2024-05-20,Bhubaneswar,35.7,72.0,18.9,0.9,998.5
2024-05-21,Bhubaneswar,36.2,74.0,18.1,0.4,998.7
2024-05-22,Bhubaneswar,36.0,74.0,20.5,0.0,998.5
2024-05-23,Bhubaneswar,36.1,71.0,16.4,0.0,997.0
2024-05-24,Bhubaneswar,34.8,72.0,19.7,0.4,995.2
2024-05-25,Bhubaneswar,34.6,76.0,20.0,12.0,993.0
2024-05-26,Bhubaneswar,34.5,79.0,18.4,16.9,990.3
2024-05-27,Bhubaneswar,36.2,78.0,21.1,0.2,990.3
2024-05-28,Bhubaneswar,37.9,77.0,24.9,0.0,991.5
2024-05-29,Bhubaneswar,37.2,76.0,26.3,0.0,993.1
2024-05-30,Bhubaneswar,36.9,77.0,26.8,0.1,995.2
2024-05-31,Bhubaneswar,36.7,78.0,26.3,0.0,997.0
2024-06-01,Bhubaneswar,35.4,77.0,24.6,0.0,998.2
2024-06-02,Bhubaneswar,36.4,78.0,25.5,21.8,999.2
2024-06-03,Bhubaneswar,35.6,74.0,22.7,0.0,999.0
2024-06-04,Bhubaneswar,37.9,79.0,18.0,10.9,998.9
2024-06-05,Bhubaneswar,36.7,70.0,15.0,0.0,998.9
2024-06-06,Bhubaneswar,38.8,70.0,20.4,3.1,999.1
2024-06-07,Bhubaneswar,37.4,72.0,20.9,0.1,998.4
2024-06-08,Bhubaneswar,37.7,71.0,23.0,0.0,997.2
2024-06-09,Bhubaneswar,38.9,69.0,23.0,0.0,996.4
2024-06-10,Bhubaneswar,38.0,68.0,22.6,0.0,996.6
2024-06-11,Bhubaneswar,37.2,72.0,22.3,0.0,996.1
2024-06-12,Bhubaneswar,39.3,73.0,21.1,8.3,996.3
2024-06-13,Bhubaneswar,38.3,71.0,24.8,0.0,996.1
2024-06-14,Bhubaneswar,38.2,66.0,21.1,0.0,995.4
2024-06-15,Bhubaneswar,39.7,68.0,22.7,0.0,994.9
2024-06-16,Bhubaneswar,37.2,74.0,16.7,11.8,996.8
2024-06-17,Bhubaneswar,37.4,76.0,26.7,24.0,997.5
2024-06-18,Bhubaneswar,36.0,77.0,26.1,9.9,996.2
2024-06-19,Bhubaneswar,37.6,72.0,23.8,0.0,994.6
2024-06-20,Bhubaneswar,35.8,75.0,16.8,6.1,995.2
2024-06-21,Bhubaneswar,34.7,81.0,10.5,13.3,995.7
2024-06-22,Bhubaneswar,33.5,80.0,15.2,3.9,994.9
2024-06-23,Bhubaneswar,33.9,78.0,21.0,0.4,995.4
2024-06-24,Bhubaneswar,34.5,75.0,17.7,0.1,995.2
2024-06-25,Bhubaneswar,35.5,77.0,16.4,7.8,994.7
2024-06-26,Bhubaneswar,34.2,82.0,14.8,8.8,994.8
2024-06-27,Bhubaneswar,32.1,85.0,18.4,10.3,995.2
2024-06-28,Bhubaneswar,33.7,84.0,13.0,4.9,994.6
2024-06-29,Bhubaneswar,33.9,85.0,18.9,18.7,995.4
2024-06-30,Bhubaneswar,31.6,88.0,18.7,28.3,996.4
2024-04-01,Kolkata,37.0,61.0,15.0,0.0,1004.1
2024-04-02,Kolkata,36.3,67.0,13.3,0.0,1003.8
2024-04-03,Kolkata,36.8,73.0,17.0,0.0,1005.9
2024-04-04,Kolkata,36.7,82.0,21.4,15.6,1005.3
2024-04-05,Kolkata,38.3,76.0,17.5,0.0,1003.5
2024-04-06,Kolkata,37.7,79.0,20.6,3.3,1004.2
2024-04-07,Kolkata,36.3,73.0,19.6,2.5,1005.5
2024-04-08,Kolkata,32.0,70.0,21.4,0.1,1008.9
2024-04-09,Kolkata,34.7,62.0,12.0,0.0,1008.6
2024-04-10,Kolkata,35.7,62.0,12.7,0.0,1008.6
2024-04-11,Kolkata,32.8,73.0,17.3,0.8,1009.9
2024-04-12,Kolkata,34.9,61.0,9.0,0.0,1009.1
2024-04-13,Kolkata,36.6,62.0,9.0,0.0,1008.5
2024-04-14,Kolkata,36.6,61.0,9.7,0.0,1008.6
2024-04-15,Kolkata,38.5,64.0,14.2,0.0,1007.3
2024-04-16,Kolkata,38.9,58.0,14.9,0.0,1004.9
2024-04-17,Kolkata,38.7,59.0,10.8,0.0,1003.1
2024-04-18,Kolkata,38.7,49.0,13.9,0.0,1002.8
2024-04-19,Kolkata,40.8,54.0,22.4,0.0,1000.6
2024-04-20,Kolkata,41.7,62.0,22.4,0.0,999.9
2024-04-21,Kolkata,41.2,61.0,22.1,0.0,1001.1
2024-04-22,Kolkata,40.0,52.0,15.0,0.0,1003.2
2024-04-23,Kolkata,38.7,45.0,16.2,0.0,1003.1
2024-04-24,Kolkata,39.9,49.0,16.2,0.0,1002.1
2024-04-25,Kolkata,40.4,51.0,16.1,0.0,1002.6
2024-04-26,Kolkata,41.0,67.0,20.2,0.0,1002.3
2024-04-27,Kolkata,40.8,62.0,17.7,0.0,1002.4
2024-04-28,Kolkata,40.4,58.0,17.6,1.6,1002.8
2024-04-29,Kolkata,41.6,51.0,21.0,0.0,1003.2
2024-04-30,Kolkata,43.9,51.0,25.7,0.0,999.0
2024-05-01,Kolkata,41.6,45.0,21.1,0.0,998.4
2024-05-02,Kolkata,41.7,63.0,21.6,0.3,998.9
2024-05-03,Kolkata,40.0,60.0,16.5,0.0,1002.6
2024-05-04,Kolkata,39.1,69.0,22.2,0.0,1003.0
2024-05-05,Kolkata,37.2,71.0,25.6,0.0,1000.5
2024-05-06,Kolkata,36.6,79.0,33.8,38.8,1002.7
2024-05-07,Kolkata,34.2,76.0,24.5,0.4,1006.7
2024-05-08,Kolkata,30.4,83.0,17.1,2.2,1007.6
2024-05-09,Kolkata,30.7,86.0,17.1,5.6,1006.5
2024-05-10,Kolkata,31.1,85.0,17.3,12.3,1006.9
2024-05-11,Kolkata,31.2,85.0,18.2,12.4,1007.3
2024-05-12,Kolkata,32.8,83.0,20.3,6.9,1007.5
2024-05-13,Kolkata,33.6,78.0,14.1,0.0,1006.9
2024-05-14,Kolkata,34.2,82.0,14.8,8.4,1006.8
2024-05-15,Kolkata,35.1,75.0,12.8,0.0,1007.3
2024-05-16,Kolkata,36.0,75.0,14.3,0.0,1006.7
2024-05-17,Kolkata,37.7,72.0,19.7,0.1,1004.4
2024-05-18,Kolkata,37.2,72.0,17.2,0.0,1002.7
2024-05-19,Kolkata,34.9,74.0,14.8,0.0,1001.8
2024-05-20,Kolkata,34.0,84.0,15.5,19.3,1002.3
2024-05-21,Kolkata,34.1,84.0,14.8,10.1,1002.6
2024-05-22,Kolkata,34.3,79.0,14.3,1.9,1002.8
2024-05-23,Kolkata,34.7,77.0,22.4,1.0,1001.4
2024-05-24,Kolkata,35.4,74.0,18.0,0.0,999.6
2024-05-25,Kolkata,35.6,75.0,16.3,0.5,997.3
2024-05-26,Kolkata,30.6,87.0,42.6,33.2,991.9
2024-05-27,Kolkata,27.8,90.0,44.0,80.5,985.6
2024-05-28,Kolkata,36.0,81.0,22.0,0.5,995.1
2024-05-29,Kolkata,35.3,82.0,31.0,0.0,996.3
2024-05-30,Kolkata,34.8,80.0,29.0,0.0,998.7
2024-05-31,Kolkata,34.1,82.0,26.1,0.0,1000.5
2024-06-01,Kolkata,34.6,83.0,23.5,0.7,1001.9
2024-06-02,Kolkata,33.9,81.0,21.0,5.9,1002.5
2024-06-03,Kolkata,34.8,78.0,19.7,0.0,1001.9
2024-06-04,Kolkata,35.4,78.0,20.5,0.0,1001.8
2024-06-05,Kolkata,36.0,80.0,20.8,0.7,1002.1
2024-06-06,Kolkata,37.0,83.0,19.7,1.4,1001.9
2024-06-07,Kolkata,36.6,79.0,22.4,0.0,1000.6
2024-06-08,Kolkata,35.3,78.0,21.6,0.0,999.4
2024-06-09,Kolkata,36.5,79.0,16.7,0.0,998.7
2024-06-10,Kolkata,36.3,76.0,17.5,0.0,999.1
2024-06-11,Kolkata,36.3,77.0,19.1,0.0,998.9
2024-06-12,Kolkata,34.8,76.0,19.9,0.0,999.5
2024-06-13,Kolkata,35.6,76.0,23.5,0.2,998.5
2024-06-14,Kolkata,37.5,76.0,19.5,0.0,997.4
2024-06-15,Kolkata,37.1,76.0,21.7,6.6,997.7
2024-06-16,Kolkata,36.6,74.0,19.6,0.0,999.3
2024-06-17,Kolkata,37.4,74.0,29.9,0.0,999.6
2024-06-18,Kolkata,32.2,83.0,21.9,19.4,998.1
2024-06-19,Kolkata,34.8,83.0,23.6,2.9,997.3
2024-06-20,Kolkata,35.0,85.0,19.1,24.9,998.2
2024-06-21,Kolkata,31.8,86.0,12.0,1.9,999.3
2024-06-22,Kolkata,32.9,83.0,15.2,9.7,998.9
2024-06-23,Kolkata,33.4,83.0,16.8,3.7,999.5
2024-06-24,Kolkata,33.4,79.0,18.4,0.3,998.8
2024-06-25,Kolkata,33.8,77.0,18.3,0.4,998.2
2024-06-26,Kolkata,33.9,79.0,15.0,2.5,999.0
2024-06-27,Kolkata,32.8,85.0,15.7,14.6,1000.0
2024-06-28,Kolkata,32.4,86.0,13.9,14.3,997.9
2024-06-29,Kolkata,31.6,87.0,16.1,4.9,997.9
2024-06-30,Kolkata,31.6,89.0,16.6,20.6,998.2
2024-04-01,Raipur,38.7,36.0,16.8,0.0,974.4
2024-04-02,Raipur,39.1,33.0,14.8,0.0,973.1
2024-04-03,Raipur,39.3,32.0,9.7,0.0,974.3
2024-04-04,Raipur,40.3,33.0,18.6,0.0,974.2
2024-04-05,Raipur,40.2,30.0,13.7,0.0,973.5
2024-04-06,Raipur,39.6,29.0,10.5,0.0,973.4
2024-04-07,Raipur,36.2,39.0,16.2,0.0,974.9
2024-04-08,Raipur,31.8,67.0,19.4,14.9,978.6
2024-04-09,Raipur,34.7,68.0,22.0,20.1,978.8
2024-04-10,Raipur,34.7,62.0,16.6,1.1,977.8
2024-04-11,Raipur,29.6,77.0,20.2,4.5,979.6
2024-04-12,Raipur,31.5,72.0,10.7,0.8,978.7
2024-04-13,Raipur,32.3,69.0,13.5,0.8,978.0
2024-04-14,Raipur,35.1,61.0,10.2,0.0,977.5
2024-04-15,Raipur,37.2,58.0,7.6,0.3,977.2
2024-04-16,Raipur,38.4,53.0,9.6,0.0,975.6
2024-04-17,Raipur,38.9,43.0,17.3,0.0,974.0
2024-04-18,Raipur,39.5,38.0,10.7,0.0,973.5
2024-04-19,Raipur,40.7,39.0,11.2,0.0,971.2
2024-04-20,Raipur,40.5,37.0,19.8,0.0,971.3
2024-04-21,Raipur,40.2,38.0,13.3,0.0,972.4
2024-04-22,Raipur,36.3,45.0,23.8,0.1,975.2
2024-04-23,Raipur,35.8,56.0,14.4,1.4,974.4
2024-04-24,Raipur,37.2,44.0,14.8,0.2,973.3
2024-04-25,Raipur,39.1,40.0,19.9,0.3,973.0
2024-04-26,Raipur,40.6,35.0,14.6,0.0,972.5
2024-04-27,Raipur,39.4,40.0,17.6,0.0,973.5
2024-04-28,Raipur,37.4,46.0,13.9,0.1,974.3
2024-04-29,Raipur,38.9,49.0,20.5,0.2,974.7
2024-04-30,Raipur,40.5,42.0,18.4,0.0,971.2
2024-05-01,Raipur,40.8,31.0,20.3,0.0,968.8
2024-05-02,Raipur,39.6,23.0,11.9,0.0,969.9
2024-05-03,Raipur,39.9,25.0,11.7,0.0,972.2
2024-05-04,Raipur,40.9,25.0,10.7,0.0,971.9
2024-05-05,Raipur,40.2,29.0,14.5,0.0,969.5
2024-05-06,Raipur,40.7,31.0,18.8,0.0,970.8
2024-05-07,Raipur,39.2,41.0,21.7,0.3,973.9
2024-05-08,Raipur,38.6,52.0,17.8,0.1,974.3
2024-05-09,Raipur,36.9,49.0,27.4,0.5,973.3
2024-05-10,Raipur,38.4,49.0,15.6,2.2,973.5
2024-05-11,Raipur,39.4,54.0,19.7,11.3,974.3
2024-05-12,Raipur,38.6,52.0,12.2,3.4,974.9
2024-05-13,Raipur,36.0,48.0,9.8,1.0,974.8
2024-05-14,Raipur,39.3,43.0,11.6,0.0,974.6
2024-05-15,Raipur,39.1,45.0,19.1,0.0,975.7
2024-05-16,Raipur,34.0,56.0,21.0,10.8,975.8
2024-05-17,Raipur,33.2,55.0,14.4,0.5,974.9
2024-05-18,Raipur,35.8,61.0,15.7,1.6,973.1
2024-05-19,Raipur,38.6,56.0,16.8,5.3,970.6
2024-05-20,Raipur,40.2,46.0,18.4,0.0,970.1
2024-05-21,Raipur,41.7,43.0,15.3,4.0,969.8
2024-05-22,Raipur,41.2,38.0,15.4,0.0,969.5
2024-05-23,Raipur,40.7,41.0,22.2,0.0,967.7
2024-05-24,Raipur,40.4,44.0,14.1,0.0,966.4
2024-05-25,Raipur,36.3,55.0,12.9,1.9,966.5
2024-05-26,Raipur,42.5,43.0,16.6,0.0,964.2
2024-05-27,Raipur,46.4,32.0,22.4,0.0,962.8
2024-05-28,Raipur,45.1,28.0,17.6,0.0,963.5
2024-05-29,Raipur,44.4,29.0,21.9,0.0,964.8
2024-05-30,Raipur,44.9,28.0,20.0,0.0,966.7
2024-05-31,Raipur,45.2,27.0,15.8,0.0,967.7
2024-06-01,Raipur,44.8,26.0,12.0,0.0,968.4
2024-06-02,Raipur,38.6,44.0,18.8,4.3,970.6
2024-06-03,Raipur,39.6,48.0,20.6,0.0,971.5
2024-06-04,Raipur,40.4,47.0,15.8,11.1,971.3
2024-06-05,Raipur,40.2,50.0,20.8,0.0,971.8
2024-06-06,Raipur,40.4,57.0,13.5,1.5,972.0
2024-06-07,Raipur,39.2,55.0,20.0,0.1,971.0
2024-06-08,Raipur,37.3,57.0,15.5,0.2,970.2
2024-06-09,Raipur,38.6,57.0,11.4,0.2,969.4
2024-06-10,Raipur,39.7,49.0,17.9,0.0,969.3
2024-06-11,Raipur,41.3,52.0,13.4,0.5,968.7
2024-06-12,Raipur,41.0,52.0,23.4,0.5,969.8
2024-06-13,Raipur,38.9,51.0,15.5,1.8,969.4
2024-06-14,Raipur,37.5,57.0,20.7,5.0,969.0
2024-06-15,Raipur,39.3,58.0,18.7,6.3,968.8
2024-06-16,Raipur,36.9,64.0,10.4,6.5,970.2
2024-06-17,Raipur,38.0,57.0,14.4,0.4,970.1
2024-06-18,Raipur,37.3,64.0,17.9,2.1,969.1
2024-06-19,Raipur,36.5,67.0,15.5,15.4,967.8
2024-06-20,Raipur,33.9,80.0,17.1,12.1,968.3
2024-06-21,Raipur,28.9,91.0,14.6,46.9,968.7
2024-06-22,Raipur,31.4,87.0,15.4,27.2,967.0
2024-06-23,Raipur,31.6,82.0,12.3,0.7,967.0
2024-06-24,Raipur,32.8,77.0,13.1,1.2,967.0
2024-06-25,Raipur,34.8,72.0,13.5,4.6,966.3
2024-06-26,Raipur,34.5,76.0,13.1,2.3,966.5
2024-06-27,Raipur,33.7,80.0,16.3,18.9,967.6
2024-06-28,Raipur,33.1,83.0,11.8,10.4,967.5
2024-06-29,Raipur,32.1,86.0,14.2,29.3,968.5
2024-06-30,Raipur,28.3,92.0,17.1,27.5,969.4
2024-04-01,Patna,36.2,34.0,29.4,0.0,998.4
2024-04-02,Patna,35.4,30.0,27.0,0.0,998.3
2024-04-03,Patna,36.3,33.0,19.8,0.0,1000.1
2024-04-04,Patna,38.0,35.0,15.0,0.0,999.2
2024-04-05,Patna,38.0,33.0,21.9,0.0,998.5
2024-04-06,Patna,37.3,30.0,17.8,0.0,998.9
2024-04-07,Patna,36.3,32.0,28.2,0.0,999.8
2024-04-08,Patna,36.9,33.0,22.1,0.0,1001.8
2024-04-09,Patna,37.1,31.0,18.2,0.0,1002.7
2024-04-10,Patna,37.0,30.0,16.3,0.0,1003.0
2024-04-11,Patna,36.3,38.0,12.0,0.0,1003.9
2024-04-12,Patna,35.9,50.0,11.2,0.0,1003.5
2024-04-13,Patna,36.8,44.0,12.0,0.0,1003.2
2024-04-14,Patna,37.6,40.0,14.3,0.0,1003.3
2024-04-15,Patna,38.9,39.0,17.6,0.0,1002.0
2024-04-16,Patna,39.3,31.0,25.5,0.0,999.5
2024-04-17,Patna,38.4,25.0,27.8,0.0,998.0
2024-04-18,Patna,38.3,22.0,31.0,0.0,997.4
2024-04-19,Patna,41.4,28.0,35.7,0.0,994.3
2024-04-20,Patna,42.1,19.0,33.1,0.0,993.9
2024-04-21,Patna,40.5,18.0,28.2,0.0,995.8
2024-04-22,Patna,39.2,25.0,27.6,0.0,997.6
2024-04-23,Patna,39.5,29.0,32.0,0.0,997.1
2024-04-24,Patna,40.9,22.0,26.8,0.0,996.6
2024-04-25,Patna,40.9,18.0,28.6,0.0,997.1
2024-04-26,Patna,42.1,17.0,28.2,0.0,996.4
2024-04-27,Patna,41.9,21.0,24.4,0.0,997.0
2024-04-28,Patna,42.1,20.0,28.5,0.0,997.0
2024-04-29,Patna,42.0,18.0,27.4,0.0,997.4
2024-04-30,Patna,42.8,17.0,30.0,0.0,993.5
2024-05-01,Patna,40.5,16.0,25.6,0.0,993.1
2024-05-02,Patna,38.2,16.0,27.4,0.0,994.9
2024-05-03,Patna,38.7,22.0,13.5,0.0,997.6
2024-05-04,Patna,40.4,20.0,19.4,0.0,997.2
2024-05-05,Patna,41.4,28.0,21.3,0.0,994.1
2024-05-06,Patna,37.2,57.0,27.2,0.0,997.5
2024-05-07,Patna,34.9,62.0,27.2,0.0,1001.5
2024-05-08,Patna,34.4,58.0,21.8,0.0,1002.1
2024-05-09,Patna,33.5,66.0,18.8,13.1,1000.5
2024-05-10,Patna,34.4,63.0,17.4,0.5,1000.9
2024-05-11,Patna,35.1,61.0,23.8,0.9,1001.1
2024-05-12,Patna,33.5,70.0,27.9,4.9,1002.3
2024-05-13,Patna,36.0,61.0,13.8,0.0,1001.5
2024-05-14,Patna,38.2,54.0,13.0,0.0,1000.8
2024-05-15,Patna,40.3,44.0,16.6,0.0,1001.0
2024-05-16,Patna,39.8,47.0,16.2,0.4,1000.4
2024-05-17,Patna,41.5,40.0,17.2,0.0,997.8
2024-05-18,Patna,41.7,38.0,19.3,0.0,995.5
2024-05-19,Patna,38.9,56.0,17.4,0.0,994.5
2024-05-20,Patna,37.5,59.0,25.0,0.0,995.4
2024-05-21,Patna,35.7,64.0,23.8,2.4,997.0
2024-05-22,Patna,34.7,65.0,23.8,0.3,997.1
2024-05-23,Patna,34.9,75.0,24.1,4.2,996.1
2024-05-24,Patna,37.0,64.0,19.6,1.4,994.5
2024-05-25,Patna,39.2,55.0,11.7,0.0,992.6
2024-05-26,Patna,38.8,57.0,19.9,0.0,991.2
2024-05-27,Patna,36.4,62.0,23.5,0.0,989.7
2024-05-28,Patna,42.6,55.0,18.4,0.0,987.0
2024-05-29,Patna,41.3,63.0,19.7,0.0,988.5
2024-05-30,Patna,40.6,64.0,24.6,1.1,991.2
2024-05-31,Patna,40.0,64.0,19.6,0.0,993.3
2024-06-01,Patna,38.0,68.0,22.9,0.0,994.6
2024-06-02,Patna,38.1,64.0,18.6,0.0,995.8
2024-06-03,Patna,38.4,67.0,24.8,1.7,995.4
2024-06-04,Patna,39.2,62.0,16.7,0.0,995.1
2024-06-05,Patna,37.2,66.0,19.8,0.0,995.8
2024-06-06,Patna,37.5,63.0,20.5,0.1,996.7
2024-06-07,Patna,39.2,59.0,15.0,0.0,994.8
2024-06-08,Patna,41.6,50.0,18.0,0.0,992.7
2024-06-09,Patna,42.0,54.0,22.0,0.0,992.3
2024-06-10,Patna,41.4,57.0,15.6,0.0,992.9
2024-06-11,Patna,41.0,59.0,19.1,0.0,992.8
2024-06-12,Patna,40.0,64.0,18.2,0.0,993.0
2024-06-13,Patna,40.3,64.0,20.9,0.0,991.6
2024-06-14,Patna,38.7,65.0,22.7,0.0,991.2
2024-06-15,Patna,38.6,68.0,23.4,4.9,991.4
2024-06-16,Patna,38.6,67.0,21.4,0.0,992.6
2024-06-17,Patna,39.8,63.0,21.0,0.0,992.1
2024-06-18,Patna,42.4,55.0,22.0,0.0,989.8
2024-06-19,Patna,40.4,58.0,23.2,3.4,989.4
2024-06-20,Patna,36.6,68.0,17.2,10.2,992.1
2024-06-21,Patna,35.8,67.0,18.4,0.0,993.1
2024-06-22,Patna,36.4,67.0,18.1,0.1,993.0
2024-06-23,Patna,36.7,63.0,19.8,0.1,993.1
2024-06-24,Patna,37.8,62.0,17.3,0.8,991.8
2024-06-25,Patna,35.0,71.0,19.4,13.1,991.7
2024-06-26,Patna,33.4,83.0,19.3,44.9,993.1
2024-06-27,Patna,35.4,71.0,20.2,1.1,994.5
2024-06-28,Patna,35.6,69.0,16.0,0.3,993.0
2024-06-29,Patna,34.9,79.0,15.5,21.0,992.6
2024-06-30,Patna,32.0,82.0,10.1,3.9,992.7
2024-04-01,Jamshedpur,40.1,37,19.8,0.0,989.5
2024-04-02,Jamshedpur,37.6,36,12.9,0.0,989.3
2024-04-03,Jamshedpur,38.1,36,9.4,0.0,991.1
2024-04-04,Jamshedpur,41.5,41,16.5,0.0,990.0
2024-04-05,Jamshedpur,41.6,43,19.2,0.0,988.9
2024-04-06,Jamshedpur,39.9,36,10.5,0.0,989.4
2024-04-07,Jamshedpur,37.7,42,14.7,0.1,991.0
2024-04-08,Jamshedpur,28.9,55,20.7,0.7,994.9
2024-04-09,Jamshedpur,36.8,46,14.4,0.1,994.1
2024-04-10,Jamshedpur,37.5,45,8.7,0.0,993.7
2024-04-11,Jamshedpur,30.8,55,14.3,0.0,995.5
2024-04-12,Jamshedpur,35.2,57,10.0,0.0,994.5
2024-04-13,Jamshedpur,37.1,48,11.5,0.0,993.7
2024-04-14,Jamshedpur,38.4,42,12.5,0.0,993.6
2024-04-15,Jamshedpur,39.4,40,15.4,0.0,992.6
2024-04-16,Jamshedpur,39.5,37,14.1,0.0,990.7
2024-04-17,Jamshedpur,40.3,35,19.6,0.0,988.9
2024-04-18,Jamshedpur,39.8,30,19.2,0.0,988.8
2024-04-19,Jamshedpur,42.1,27,20.9,0.0,986.3
2024-04-20,Jamshedpur,43.5,26,20.9,0.0,985.4
2024-04-21,Jamshedpur,42.5,29,20.6,0.0,986.8
2024-04-22,Jamshedpur,40.5,31,24.9,0.1,989.6
2024-04-23,Jamshedpur,39.6,42,18.9,0.0,988.8
2024-04-24,Jamshedpur,41.5,32,20.4,0.0,987.9
2024-04-25,Jamshedpur,40.9,28,14.8,0.0,988.4
2024-04-26,Jamshedpur,41.7,29,13.8,0.0,987.8
2024-04-27,Jamshedpur,41.9,32,14.3,0.0,988.1
2024-04-28,Jamshedpur,42.3,32,19.4,0.0,988.7
2024-04-29,Jamshedpur,43.1,31,15.8,0.0,989.0
2024-04-30,Jamshedpur,44.7,27,26.1,0.0,985.0
2024-05-01,Jamshedpur,42.0,26,18.8,0.0,984.1
2024-05-02,Jamshedpur,41.5,23,16.7,0.0,984.9
2024-05-03,Jamshedpur,40.2,21,13.0,0.0,988.3
2024-05-04,Jamshedpur,40.7,25,10.0,0.0,987.9
2024-05-05,Jamshedpur,42.3,22,13.8,0.0,985.0
2024-05-06,Jamshedpur,39.7,43,16.6,0.9,986.6
2024-05-07,Jamshedpur,37.9,64,22.9,1.0,991.3
2024-05-08,Jamshedpur,36.6,65,18.4,2.1,992.1
2024-05-09,Jamshedpur,36.6,75,14.2,15.5,991.0
2024-05-10,Jamshedpur,34.0,73,19.7,2.3,991.0
2024-05-11,Jamshedpur,35.5,75,13.5,19.1,991.7
2024-05-12,Jamshedpur,35.1,73,15.0,1.2,992.0
2024-05-13,Jamshedpur,36.7,68,15.1,0.9,991.7
2024-05-14,Jamshedpur,37.9,57,12.3,0.0,991.4
2024-05-15,Jamshedpur,38.9,56,13.8,0.1,992.2
2024-05-16,Jamshedpur,39.4,51,14.7,0.0,991.6
2024-05-17,Jamshedpur,40.2,48,27.1,0.2,989.8
2024-05-18,Jamshedpur,39.2,44,20.6,0.0,988.3
2024-05-19,Jamshedpur,38.1,55,15.6,0.0,986.6
2024-05-20,Jamshedpur,40.2,61,18.8,0.2,986.6
2024-05-21,Jamshedpur,39.4,61,15.3,0.0,986.9
2024-05-22,Jamshedpur,39.0,73,15.8,10.7,987.2
2024-05-23,Jamshedpur,37.1,69,15.0,1.0,986.2
2024-05-24,Jamshedpur,37.5,64,16.2,0.8,985.0
2024-05-25,Jamshedpur,39.8,57,12.4,0.0,982.7
2024-05-26,Jamshedpur,34.0,68,21.1,6.8,980.4
2024-05-27,Jamshedpur,36.7,64,27.0,1.7,978.1
2024-05-28,Jamshedpur,40.1,68,12.2,2.1,979.4
2024-05-29,Jamshedpur,42.8,55,17.2,0.0,980.2
2024-05-30,Jamshedpur,41.7,66,21.4,0.0,982.5
2024-05-31,Jamshedpur,40.5,71,17.6,11.9,984.8
2024-06-01,Jamshedpur,39.5,75,16.1,0.2,986.3
2024-06-02,Jamshedpur,38.5,75,17.7,11.3,987.3
2024-06-03,Jamshedpur,37.9,67,14.2,0.7,986.5
2024-06-04,Jamshedpur,38.8,59,12.6,0.0,986.5
2024-06-05,Jamshedpur,39.0,56,11.5,0.0,986.8
2024-06-06,Jamshedpur,38.9,59,17.5,0.4,987.3
2024-06-07,Jamshedpur,39.6,57,15.1,0.1,985.9
2024-06-08,Jamshedpur,40.1,54,16.8,0.5,984.7
2024-06-09,Jamshedpur,40.8,49,18.1,0.3,983.8
2024-06-10,Jamshedpur,42.1,50,24.8,0.1,984.1
2024-06-11,Jamshedpur,42.1,49,20.2,0.0,983.5
2024-06-12,Jamshedpur,40.5,53,18.1,0.7,983.8
2024-06-13,Jamshedpur,41.5,49,13.8,0.1,983.0
2024-06-14,Jamshedpur,43.0,47,20.8,0.0,982.4
2024-06-15,Jamshedpur,41.6,51,16.0,0.1,982.5
2024-06-16,Jamshedpur,40.5,51,19.5,0.4,984.3
2024-06-17,Jamshedpur,39.6,58,16.8,1.5,984.5
2024-06-18,Jamshedpur,38.5,59,17.5,3.2,982.9
2024-06-19,Jamshedpur,35.3,70,18.9,8.5,982.3
2024-06-20,Jamshedpur,32.1,75,15.5,2.7,983.3
2024-06-21,Jamshedpur,33.6,77,10.2,0.3,984.3
2024-06-22,Jamshedpur,34.9,75,11.8,0.7,983.5
2024-06-23,Jamshedpur,34.8,75,12.8,2.0,984.0
2024-06-24,Jamshedpur,35.9,70,10.1,0.2,983.3
2024-06-25,Jamshedpur,36.2,71,14.4,4.8,983.0
2024-06-26,Jamshedpur,37.0,65,19.5,0.0,983.5
2024-06-27,Jamshedpur,33.7,77,18.9,5.9,984.9
2024-06-28,Jamshedpur,34.5,81,11.2,6.8,983.2
2024-06-29,Jamshedpur,34.0,83,11.9,11.3,983.1
2024-06-30,Jamshedpur,30.6,86,14.3,13.5,983.5
2024-04-01,Rourkela,37.4,49.0,22.5,0.0,984.1
2024-04-02,Rourkela,37.0,45.0,13.7,0.0,983.3
2024-04-03,Rourkela,37.7,41.0,12.1,0.0,985.0
2024-04-04,Rourkela,39.3,53.0,14.0,0.0,984.3
2024-04-05,Rourkela,39.2,44.0,13.9,0.0,983.4
2024-04-06,Rourkela,39.3,38.0,13.8,0.0,983.4
2024-04-07,Rourkela,37.7,40.0,15.9,0.0,984.9
2024-04-08,Rourkela,26.7,73.0,12.2,2.4,989.6
2024-04-09,Rourkela,33.5,61.0,12.9,1.2,989.1
2024-04-10,Rourkela,34.5,61.0,8.9,0.0,988.2
2024-04-11,Rourkela,28.4,77.0,18.9,3.7,990.1
2024-04-12,Rourkela,31.8,75.0,14.8,0.0,989.2
2024-04-13,Rourkela,35.5,61.0,10.3,0.0,988.1
2024-04-14,Rourkela,36.6,59.0,12.3,0.0,987.9
2024-04-15,Rourkela,37.9,55.0,14.8,0.0,987.1
2024-04-16,Rourkela,38.8,49.0,13.3,0.0,985.3
2024-04-17,Rourkela,40.3,42.0,24.1,0.0,983.5
2024-04-18,Rourkela,40.8,32.0,15.8,0.0,983.3
2024-04-19,Rourkela,41.8,32.0,20.1,0.0,981.1
2024-04-20,Rourkela,42.7,34.0,17.7,0.0,980.4
2024-04-21,Rourkela,41.4,33.0,20.2,0.0,981.6
2024-04-22,Rourkela,36.7,46.0,33.0,0.3,984.7
2024-04-23,Rourkela,39.5,48.0,18.4,0.0,983.6
2024-04-24,Rourkela,39.9,43.0,18.8,0.0,982.7
2024-04-25,Rourkela,40.3,41.0,13.0,0.0,982.8
2024-04-26,Rourkela,40.9,34.0,13.3,0.0,982.2
2024-04-27,Rourkela,41.6,38.0,9.0,0.0,982.6
2024-04-28,Rourkela,40.7,35.0,25.3,0.0,983.8
2024-04-29,Rourkela,41.8,39.0,14.7,0.0,983.9
2024-04-30,Rourkela,42.8,36.0,23.6,0.0,980.3
2024-05-01,Rourkela,41.7,33.0,16.4,0.0,978.5
2024-05-02,Rourkela,41.1,35.0,16.6,0.0,979.4
2024-05-03,Rourkela,40.1,20.0,12.3,0.0,982.5
2024-05-04,Rourkela,40.3,22.0,10.9,0.0,982.3
2024-05-05,Rourkela,41.7,25.0,19.8,0.0,979.6
2024-05-06,Rourkela,41.2,48.0,17.4,0.1,980.4
2024-05-07,Rourkela,37.9,60.0,15.8,10.2,984.9
2024-05-08,Rourkela,37.5,60.0,12.4,0.1,985.3
2024-05-09,Rourkela,34.7,72.0,17.2,18.1,984.7
2024-05-10,Rourkela,35.0,68.0,15.0,1.4,984.7
2024-05-11,Rourkela,36.9,70.0,19.3,1.7,985.0
2024-05-12,Rourkela,36.4,67.0,18.8,0.3,985.6
2024-05-13,Rourkela,37.4,61.0,14.4,0.3,985.5
2024-05-14,Rourkela,38.2,57.0,22.4,0.0,985.4
2024-05-15,Rourkela,37.9,63.0,13.2,1.0,986.7
2024-05-16,Rourkela,37.2,56.0,14.1,0.0,986.1
2024-05-17,Rourkela,38.1,55.0,10.4,0.0,984.6
2024-05-18,Rourkela,35.8,64.0,10.7,2.7,983.3
2024-05-19,Rourkela,37.0,62.0,18.7,0.0,981.0
2024-05-20,Rourkela,39.5,57.0,17.6,0.0,980.5
2024-05-21,Rourkela,38.1,58.0,16.9,1.1,980.8
2024-05-22,Rourkela,38.3,69.0,15.1,8.9,980.8
2024-05-23,Rourkela,37.4,66.0,16.5,0.9,979.8
2024-05-24,Rourkela,38.7,59.0,17.2,0.0,978.5
2024-05-25,Rourkela,38.8,56.0,17.8,0.0,976.7
2024-05-26,Rourkela,38.9,59.0,19.8,0.0,974.3
2024-05-27,Rourkela,39.3,60.0,19.2,6.5,973.2
2024-05-28,Rourkela,43.5,52.0,27.5,0.0,973.2
2024-05-29,Rourkela,44.7,51.0,25.2,0.0,974.5
2024-05-30,Rourkela,40.1,60.0,22.3,1.3,976.9
2024-05-31,Rourkela,41.0,64.0,17.1,0.2,978.9
2024-06-01,Rourkela,39.4,70.0,15.4,8.4,980.2
2024-06-02,Rourkela,37.1,76.0,21.2,5.4,981.5
2024-06-03,Rourkela,37.3,69.0,18.4,0.2,981.2
2024-06-04,Rourkela,38.7,63.0,19.1,0.0,981.1
2024-06-05,Rourkela,37.9,64.0,13.0,0.0,981.4
2024-06-06,Rourkela,37.8,71.0,16.1,6.0,982.0
2024-06-07,Rourkela,38.1,65.0,22.2,0.0,980.7
2024-06-08,Rourkela,38.5,67.0,15.2,1.5,979.6
2024-06-09,Rourkela,38.3,63.0,13.8,0.3,978.8
2024-06-10,Rourkela,39.4,61.0,12.3,0.1,979.0
2024-06-11,Rourkela,40.8,57.0,16.8,0.0,978.1
2024-06-12,Rourkela,40.3,56.0,13.5,0.0,978.4
2024-06-13,Rourkela,40.1,58.0,25.8,6.9,977.9
2024-06-14,Rourkela,38.9,55.0,18.0,0.0,977.7
2024-06-15,Rourkela,39.6,55.0,19.0,0.3,977.3
2024-06-16,Rourkela,36.5,65.0,13.7,0.0,979.6
2024-06-17,Rourkela,38.6,68.0,17.3,3.0,979.5
2024-06-18,Rourkela,37.1,63.0,18.4,0.1,978.0
2024-06-19,Rourkela,37.0,62.0,13.3,0.0,976.9
2024-06-20,Rourkela,35.1,74.0,19.5,17.3,978.0
2024-06-21,Rourkela,31.2,85.0,12.4,12.2,978.7
2024-06-22,Rourkela,33.0,81.0,12.3,7.2,977.6
2024-06-23,Rourkela,33.9,77.0,12.7,16.6,977.9
2024-06-24,Rourkela,33.1,77.0,11.9,10.1,977.6
2024-06-25,Rourkela,33.8,78.0,14.0,19.2,977.2
2024-06-26,Rourkela,33.4,82.0,12.0,9.0,977.6
2024-06-27,Rourkela,33.1,83.0,13.4,2.9,978.6
2024-06-28,Rourkela,33.3,81.0,7.9,9.0,977.5
2024-06-29,Rourkela,30.1,89.0,11.0,31.6,977.7
2024-06-30,Rourkela,31.0,88.0,15.2,26.5,978.4
